Age,KM,Fuel_Type,HP,Automatic,CC,Quarterly_Tax,Weight,Price
23,46986,Diesel,90,0,2000,210,1165,13500
23,72937,Diesel,90,0,2000,210,1165,13750
24,41711,Diesel,90,0,2000,210,1165,13950
26,48000,Diesel,90,0,2000,210,1165,14950
30,38500,Diesel,90,0,2000,210,1170,13750
32,61000,Diesel,90,0,2000,210,1170,12950
27,94612,Diesel,90,0,2000,210,1245,16900
30,75889,Diesel,90,0,2000,210,1245,18600
27,19700,Petrol,192,0,1800,100,1185,21500
23,71138,Diesel,69,0,1900,185,1105,12950
25,31461,Petrol,192,0,1800,100,1185,20950
22,43610,Petrol,192,0,1800,100,1185,19950
25,32189,Petrol,192,0,1800,100,1185,19600
31,23000,Petrol,192,0,1800,100,1185,21500
32,34131,Petrol,192,0,1800,100,1185,22500
28,18739,Petrol,192,0,1800,100,1185,22000
30,34000,Petrol,192,0,1800,100,1185,22750
24,21716,Petrol,110,0,1600,85,1105,17950
24,25563,Petrol,110,0,1600,19,1065,16750
30,64359,Petrol,110,0,1600,85,1105,16950
30,67660,Petrol,110,0,1600,85,1105,15950
29,43905,Petrol,110,1,1600,100,1170,16950
28,56349,Petrol,110,0,1600,85,1120,15950
28,32220,Petrol,110,0,1600,85,1120,16950
29,25813,Petrol,110,0,1600,85,1120,16250
25,28450,Petrol,110,0,1600,85,1120,15950
27,34545,Petrol,110,0,1600,85,1120,17495
29,41415,Petrol,110,0,1600,85,1120,15750
28,44142,Petrol,110,0,1600,85,1120,16950
30,11090,Petrol,110,0,1600,85,1120,17950
29,9750,Petrol,97,0,1400,19,1100,12950
22,35199,Petrol,97,0,1400,85,1100,15750
27,29510,Petrol,97,0,1400,85,1100,15950
26,32692,Petrol,97,0,1400,85,1100,14950
22,41000,Petrol,97,0,1400,85,1100,15500
26,43000,Petrol,97,0,1400,85,1100,15750
25,25000,Petrol,97,0,1400,85,1100,15950
23,10000,Petrol,97,0,1400,85,1100,14950
32,25329,Petrol,97,0,1400,85,1100,15750
27,27500,Petrol,97,0,1400,85,1100,14750
22,49059,Petrol,97,0,1400,85,1100,13950
27,44068,Petrol,97,0,1400,85,1100,16750
22,46961,Petrol,97,0,1400,85,1100,13950
27,110404,Diesel,90,0,2000,234,1255,16950
22,100250,Diesel,90,0,2000,234,1255,16950
23,84000,Diesel,90,0,2000,234,1270,19000
27,79375,Diesel,90,0,2000,234,1255,17950
22,75048,Petrol,97,0,1400,85,1110,15800
22,72215,Diesel,90,0,2000,234,1255,17950
31,64982,Petrol,192,0,1800,100,1195,21950
22,62636,Diesel,90,0,2000,234,1255,17950
30,57086,Petrol,97,0,1400,85,1110,15750
26,56000,Petrol,110,1,1600,100,1180,20500
27,49866,Petrol,192,0,1800,100,1195,21950
25,49163,Petrol,110,1,1600,100,1165,15500
32,45725,Petrol,110,0,1600,85,1075,13250
28,43210,Petrol,97,0,1400,85,1110,15250
26,43000,Petrol,97,0,1400,85,1110,15250
23,39704,Petrol,110,1,1600,100,1180,18950
30,38950,Petrol,110,0,1600,85,1130,15999
22,37400,Petrol,97,0,1400,85,1110,14950
27,37177,Petrol,110,0,1600,85,1130,16500
31,36544,Petrol,110,0,1600,85,1130,18750
30,33511,Petrol,110,0,1600,85,1130,17950
27,32809,Petrol,97,0,1400,85,1110,17950
26,32181,Petrol,110,0,1600,19,1075,16950
28,30993,Petrol,110,0,1600,85,1130,18950
22,30400,Petrol,97,0,1400,85,1110,14950
22,30000,Diesel,110,0,2000,234,1275,22250
25,29719,Petrol,97,0,1400,85,1110,15950
28,29206,Petrol,97,0,1400,85,1110,15950
32,29198,Petrol,97,0,1400,85,1060,12995
28,28817,Petrol,110,0,1598,85,1130,18950
23,28227,Petrol,97,0,1400,85,1110,15750
28,28000,Petrol,110,0,1600,85,1130,19950
23,28000,Petrol,110,0,1600,85,1115,16950
31,25266,Petrol,110,0,1600,85,1130,18750
27,23489,Petrol,110,0,1600,85,1115,18450
29,22575,Petrol,110,0,1600,85,1115,16895
30,22000,Petrol,97,0,1400,85,1110,14900
29,20000,Petrol,110,0,1600,85,1115,17250
25,17003,Petrol,97,0,1400,85,1110,15450
31,16238,Petrol,110,1,1600,100,1180,17950
25,15414,Petrol,97,0,1400,85,1110,16650
28,8537,Petrol,110,0,1600,85,1130,17450
30,7000,Petrol,97,0,1400,85,1100,14900
20,66966,Diesel,90,0,2000,210,1245,17950
19,51884,Petrol,97,0,1400,85,1100,15950
19,50005,Diesel,110,0,2000,234,1265,21950
20,48110,Petrol,97,0,1400,85,1100,16450
20,37500,Diesel,90,0,2000,234,1260,22250
16,34472,Diesel,90,0,1995,234,1260,19950
20,33329,Petrol,97,0,1400,85,1100,15950
20,31850,Petrol,110,0,1600,85,1120,18900
17,30351,Diesel,90,0,1995,234,1260,19950
19,29435,Petrol,97,0,1400,85,1100,15950
19,25948,Petrol,97,0,1400,85,1100,15950
11,24500,Petrol,110,0,1600,85,1120,18750
18,23902,Petrol,97,0,1400,85,1100,17450
20,23175,Petrol,110,0,1600,85,1120,18990
19,19200,Petrol,97,0,1400,85,1100,16250
13,18000,Petrol,71,0,1400,85,1125,18500
11,16123,Petrol,110,0,1600,85,1105,18500
11,14635,Petrol,110,1,1600,100,1155,19450
19,13748,Petrol,97,0,1400,85,1100,16950
14,11500,Petrol,110,0,1600,69,1045,18800
17,10000,Petrol,97,0,1400,85,1100,17450
20,7187,Petrol,110,0,1600,85,1105,17950
4,1,Diesel,116,0,2000,283,1480,32500
4,4000,Diesel,116,0,2000,283,1480,31000
4,1500,Diesel,116,0,2000,283,1480,31275
8,13253,Diesel,116,0,2000,234,1320,24950
8,13253,Diesel,116,0,2000,234,1320,24950
7,10000,Diesel,116,0,2000,234,1270,22950
8,6000,Diesel,90,0,2000,234,1280,24990
8,10841,Diesel,90,0,2000,234,1270,21950
7,1,Petrol,110,0,1600,85,1105,17900
20,63000,Diesel,90,0,2000,234,1255,19250
17,57313,Diesel,110,0,2000,234,1275,22250
13,57037,Petrol,110,0,1600,85,1115,18950
19,51099,Diesel,90,0,2000,234,1255,19950
14,40010,Petrol,110,0,1600,85,1115,16350
20,39115,Petrol,110,0,1600,85,1130,18950
17,36012,Petrol,110,0,1600,85,1130,16950
16,36000,Petrol,110,0,1600,85,1130,21750
20,36000,Petrol,110,0,1600,19,1075,15950
20,35000,Petrol,97,0,1400,85,1110,16500
17,33740,Petrol,97,0,1400,85,1135,17950
13,33477,Petrol,110,0,1600,19,1075,15850
20,32627,Petrol,97,0,1400,85,1110,16250
20,29797,Petrol,97,0,1400,85,1110,15950
19,29441,Petrol,97,0,1400,85,1110,16250
13,29371,Petrol,110,0,1600,19,1105,15950
20,29000,Petrol,97,0,1400,85,1110,16500
19,27821,Petrol,97,0,1400,85,1110,16500
19,27371,Petrol,97,0,1400,85,1135,18450
13,25170,Petrol,110,0,1600,19,1105,16250
11,25000,Diesel,116,0,2000,64,1320,23000
20,23000,Petrol,110,0,1600,85,1130,19900
20,22588,Petrol,97,0,1400,85,1110,16450
19,21684,Petrol,192,0,1800,19,1185,23950
13,21428,Petrol,110,0,1600,85,1130,19950
16,20629,Petrol,110,0,1600,85,1090,18500
15,20270,Petrol,110,0,1600,85,1130,18950
16,20105,Petrol,97,0,1400,85,1110,16450
20,20000,Petrol,110,1,1600,100,1165,20500
13,19988,Petrol,110,0,1600,85,1130,24500
19,18328,Petrol,110,0,1600,85,1130,19450
14,17896,Petrol,110,1,1600,85,1150,20950
20,17300,Petrol,97,0,1400,85,1110,17200
19,17038,Petrol,110,0,1600,85,1130,19950
10,13747,Petrol,97,0,1400,85,1110,18450
12,13634,Petrol,110,0,1600,85,1115,19500
13,13178,Petrol,110,0,1600,85,1130,21750
15,13157,Petrol,97,0,1400,85,1085,16868
16,13000,Petrol,110,0,1600,85,1105,19500
11,12500,Petrol,110,0,1600,85,1115,18900
17,11999,Petrol,110,0,1600,85,1130,19750
16,11754,Petrol,110,1,1600,100,1180,19750
16,11000,Petrol,110,0,1600,85,1105,18950
17,10000,Petrol,110,0,1598,85,1105,20750
9,7650,Petrol,110,0,1600,85,1115,19600
14,6500,Petrol,110,0,1600,85,1100,19500
11,6155,Petrol,97,0,1400,85,1110,17650
14,6000,Petrol,110,0,1600,85,1130,19950
14,5459,Petrol,110,0,1600,85,1130,19950
14,5278,Petrol,110,1,1600,85,1150,20950
12,5000,Petrol,110,0,1600,85,1130,20500
9,1,Petrol,98,0,1400,19,1065,17795
9,1,Petrol,110,0,1600,19,1075,18245
8,11000,Petrol,110,0,1600,85,1130,23750
8,10077,Petrol,97,0,1400,85,1110,19500
8,10000,Petrol,97,0,1400,85,1110,18950
8,9788,Petrol,110,0,1600,85,1130,21950
8,8574,Petrol,110,0,1600,85,1130,19950
8,7000,Petrol,110,0,1600,85,1115,18950
7,6250,Petrol,110,0,1600,85,1115,19950
8,5000,Petrol,110,0,1600,85,1130,21950
6,3000,Petrol,110,0,1600,85,1130,22500
7,2000,Petrol,110,0,1600,19,1075,18500
7,450,Petrol,97,0,1400,85,1110,18700
2,225,Petrol,97,0,1400,85,1110,21125
2,15,Petrol,110,0,1600,85,1130,21500
1,1,Petrol,98,0,1400,19,1100,17795
1,1,Petrol,110,0,1600,19,1075,18245
43,243000,Diesel,69,0,1900,185,1110,6950
38,180638,Diesel,90,0,2000,210,1160,9500
40,179860,Diesel,90,0,2000,210,1205,11950
43,178858,CNG,110,0,1600,197,1084,7750
40,161000,Diesel,69,0,1900,185,1105,11950
44,158320,Diesel,69,0,1800,64,1110,4350
44,131273,Diesel,69,0,1800,64,1110,4750
40,130062,Diesel,69,0,1900,185,1140,11750
41,123425,Diesel,69,0,1900,185,1140,13250
37,118217,Petrol,110,0,1600,85,1075,11950
44,110000,Diesel,69,0,1900,185,1095,11900
39,108847,Diesel,90,0,2000,210,1205,14750
42,105699,Petrol,97,0,1400,69,1025,9950
39,98823,CNG,110,0,1600,197,1119,11950
44,96829,Petrol,110,0,1600,85,1075,11495
40,96518,Petrol,97,0,1400,69,1025,11250
42,92204,Petrol,110,0,1600,85,1075,10500
35,91456,Diesel,69,0,1900,185,1110,10450
43,89968,Diesel,69,0,1900,185,1140,12950
44,89757,Petrol,110,0,1600,69,1045,11500
40,85389,Petrol,110,0,1600,85,1075,12500
43,85017,Petrol,97,0,1400,85,1060,10950
41,84312,Petrol,110,0,1600,85,1080,11450
37,82743,CNG,110,0,1600,197,1121,11950
41,81106,Diesel,69,0,1900,185,1140,13250
40,80425,Diesel,90,0,2000,210,1205,14750
34,78677,Petrol,110,1,1600,85,1105,11790
40,78425,Petrol,110,0,1600,85,1075,11450
33,78108,Diesel,90,0,2000,210,1170,13500
33,77321,Petrol,110,0,1600,85,1075,10950
33,75699,Diesel,69,0,1900,185,1105,13500
41,75697,Petrol,97,0,1400,69,1025,10950
44,74846,Petrol,97,0,1400,69,1025,10950
38,74319,Petrol,110,0,1600,85,1075,12950
43,74285,Petrol,110,0,1600,85,1075,11950
44,74172,Petrol,110,0,1600,163,1615,12450
40,73042,Petrol,110,0,1598,85,1075,11950
44,71793,CNG,110,0,1600,197,1067,14950
35,71200,Petrol,110,0,1600,85,1075,12450
38,67805,Petrol,110,0,1600,85,1075,12950
35,65988,Petrol,110,0,1600,69,1040,11950
34,65345,Petrol,97,0,1400,85,1060,11690
42,64564,Petrol,110,0,1600,85,1080,12450
36,63459,Petrol,97,0,1400,85,1060,12750
44,63451,Petrol,97,0,1400,69,1025,11925
33,62000,Petrol,110,0,1600,19,1075,12950
42,61300,Petrol,97,0,1400,69,1030,11950
41,61200,Petrol,110,0,1600,69,1045,12900
41,61000,Petrol,110,0,1600,85,1075,11900
38,60829,Petrol,110,0,1600,85,1075,11650
44,60500,Petrol,110,0,1600,85,1075,10950
35,59500,Diesel,69,0,1900,64,1110,13950
44,59000,Petrol,110,1,1600,85,1110,13950
40,58954,Petrol,110,0,1600,85,1080,11950
38,58798,Petrol,110,0,1600,85,1075,10950
38,58363,Petrol,110,0,1600,85,1055,12450
43,58277,Petrol,110,0,1600,69,1045,11950
33,57711,Diesel,90,0,2000,210,1165,13500
33,57269,Petrol,110,0,1600,85,1075,11690
39,56001,Petrol,110,0,1600,85,1075,13500
42,55968,Petrol,110,0,1600,69,1050,11950
39,55678,Petrol,110,0,1600,69,1030,12900
43,55539,Petrol,110,0,1600,85,1085,13500
42,55400,Petrol,110,0,1600,85,1075,11750
33,55350,Petrol,110,0,1600,85,1075,11750
43,54600,Petrol,110,0,1600,69,1030,10850
43,53773,Petrol,110,0,1600,85,1075,11750
42,53719,Petrol,110,1,1600,85,1105,14950
39,53644,Petrol,110,0,1600,19,1075,9940
42,53350,Petrol,110,0,1600,85,1075,12900
38,53000,Petrol,110,0,1600,85,1075,13500
44,52084,Petrol,97,0,1400,69,1025,11750
44,52000,Petrol,97,0,1400,69,1025,11950
33,51945,Petrol,110,0,1600,85,1075,13450
41,51732,Petrol,97,0,1400,69,1025,11950
39,50873,Petrol,110,0,1600,85,1075,12495
41,50856,Petrol,110,0,1600,69,1030,13500
40,50640,Petrol,110,0,1600,85,1075,12750
39,50000,Petrol,97,0,1400,85,1060,12000
38,49500,Petrol,110,0,1600,85,1075,11950
44,49332,Petrol,110,0,1600,85,1080,12495
34,49291,Petrol,110,0,1600,69,1040,12450
40,48952,Diesel,90,0,2000,210,1205,14750
39,48945,Petrol,110,0,1600,69,1040,10950
33,48928,Diesel,69,0,1900,185,1105,13500
38,48197,Petrol,110,0,1600,85,1075,12950
35,48052,Diesel,69,0,1900,185,1105,13500
34,48011,Petrol,110,0,1600,69,1030,13450
43,48000,Petrol,110,0,1600,85,1075,13500
41,47350,Petrol,110,0,1600,85,1075,11480
39,46821,Petrol,97,0,1400,85,1060,13450
39,46694,Petrol,110,0,1600,69,1040,11495
43,46515,Petrol,97,0,1400,69,1025,12750
38,46327,Petrol,110,0,1600,85,1055,14990
35,46304,Petrol,97,0,1400,85,1060,12950
40,45886,Petrol,110,0,1600,85,1080,12950
39,45713,Petrol,97,0,1400,19,1085,12850
40,45600,Petrol,110,1,1600,85,1105,13950
41,45287,Petrol,110,0,1600,85,1075,11950
39,45081,Petrol,110,0,1600,85,1075,12950
40,44830,Petrol,110,0,1600,85,1075,11700
37,44757,Petrol,97,0,1400,69,1025,9950
44,44218,Petrol,97,0,1400,85,1060,11895
43,43632,Petrol,110,0,1600,85,1075,12950
36,43427,Petrol,110,0,1600,69,1040,12500
39,43254,Petrol,110,0,1600,85,1075,13875
35,43000,Petrol,110,0,1600,69,1050,10500
33,42823,Petrol,110,0,1600,85,1075,12295
42,42560,Petrol,110,0,1600,85,1080,13950
38,41754,Petrol,110,0,1600,69,1040,10950
44,41499,CNG,110,0,1600,197,1103,12950
40,41339,Petrol,110,0,1600,85,1080,12850
35,41000,Petrol,110,0,1600,85,1075,13995
39,40000,Petrol,110,0,1600,85,1055,13750
37,39757,Petrol,110,0,1600,85,1075,12750
41,39659,Petrol,110,0,1600,69,1045,12500
43,39650,Petrol,110,0,1600,85,1055,13950
39,39524,Petrol,97,0,1398,69,1025,11500
44,39516,Petrol,97,0,1400,85,1060,13950
41,39439,Petrol,97,0,1400,85,1060,11895
44,39000,Petrol,97,0,1400,69,1025,9950
42,38932,Petrol,110,0,1600,69,1040,13500
37,38812,Petrol,97,0,1400,69,1025,11450
42,38665,Petrol,110,0,1600,85,1075,12450
40,38653,Petrol,110,0,1600,85,1080,12950
44,38461,Petrol,110,0,1600,85,1080,13995
42,38078,Petrol,97,0,1400,69,1025,11750
39,37782,Petrol,97,0,1400,85,1060,11650
43,37576,Petrol,97,0,1400,69,1030,9950
41,37533,Petrol,110,0,1600,85,1075,13950
44,37389,Petrol,110,0,1600,85,1080,12950
38,37320,Petrol,97,0,1400,69,1025,10950
42,37000,Petrol,97,0,1400,69,1025,9900
44,37000,Petrol,110,0,1600,19,1075,11950
40,36566,Petrol,110,0,1600,85,1090,11990
36,36269,Petrol,110,0,1600,85,1075,10750
37,36074,Petrol,110,1,1600,19,1075,13950
44,36066,Petrol,110,0,1600,69,1040,11250
39,34599,Petrol,110,0,1600,85,1075,12950
41,34000,Petrol,110,0,1600,85,1075,11950
42,33623,Petrol,97,0,1400,69,1025,10950
33,33591,Petrol,110,0,1600,85,1075,12950
35,33258,Petrol,110,0,1600,85,1075,12950
43,33113,Petrol,110,0,1600,85,1075,11695
41,33000,Petrol,110,1,1600,19,1075,11000
35,32941,Petrol,110,0,1600,85,1080,13950
38,32781,Petrol,110,0,1600,85,1075,11950
40,32532,Petrol,110,0,1600,69,1040,11750
34,32431,Petrol,97,0,1400,85,1060,12400
35,32000,Petrol,110,0,1600,69,1040,12500
33,31000,Petrol,110,0,1600,19,1075,12900
41,30989,Petrol,110,0,1600,69,1045,12200
43,30742,Petrol,110,0,1600,69,1040,12750
42,30190,Petrol,110,0,1600,85,1075,11950
41,29716,Petrol,116,0,1600,85,1075,11900
44,29716,Petrol,110,1,1600,85,1070,11950
42,29640,Petrol,110,0,1600,85,1055,14950
41,29056,Petrol,97,0,1400,85,1060,11950
33,28715,Petrol,110,0,1600,85,1075,12950
41,28571,Petrol,110,0,1600,85,1090,14950
40,28362,Petrol,110,0,1600,69,1040,13450
38,28150,Petrol,110,0,1600,85,1075,13750
43,27301,Petrol,110,0,1600,69,1040,12950
33,27240,Petrol,110,0,1600,85,1075,12750
39,27170,Petrol,97,0,1400,85,1060,11895
42,27141,Petrol,97,0,1400,85,1060,9950
38,26262,Petrol,110,0,1600,85,1075,12450
38,26000,Petrol,97,0,1400,85,1060,12500
43,25228,Petrol,110,0,1600,69,1045,14950
39,25062,Petrol,110,0,1600,85,1080,13750
39,24723,Petrol,110,1,1600,85,1060,12695
33,24650,Petrol,110,0,1600,85,1055,14990
43,24553,Petrol,110,0,1600,85,1080,12750
41,24475,Petrol,110,0,1600,69,1030,14350
39,24444,Petrol,110,0,1600,69,1040,12950
35,24011,Petrol,97,0,1400,69,1025,11500
41,24000,Petrol,97,0,1400,69,1025,11950
40,23616,Petrol,110,0,1600,85,1075,13450
38,22865,Petrol,110,0,1600,85,1075,12900
41,22780,Petrol,86,0,1300,69,1035,10500
35,21904,Petrol,97,0,1400,69,1025,10950
41,21651,Petrol,97,0,1400,69,1025,11950
37,21500,Petrol,110,0,1600,69,1030,11450
44,21027,Petrol,110,0,1600,85,1080,13250
39,18500,Petrol,110,0,1600,69,1030,10250
35,18000,Petrol,110,0,1600,85,1075,13995
40,17051,Petrol,97,0,1400,85,1060,11950
33,16512,Petrol,97,0,1400,19,1085,13250
40,16325,Petrol,110,0,1600,85,1080,12950
38,16000,Petrol,97,0,1400,85,1060,11750
39,12000,Petrol,110,0,1600,85,1075,11500
43,10000,Petrol,97,0,1400,85,1060,13500
53,216000,Diesel,69,0,1900,185,1110,6500
51,198167,Diesel,69,0,1900,185,1095,6400
53,176000,Diesel,69,0,1900,185,1105,7000
54,174139,Diesel,72,0,2000,185,1100,7750
45,174000,Diesel,69,0,1900,185,1095,8900
55,150000,CNG,110,0,1600,72,1075,8500
54,149329,Diesel,72,0,2000,185,1135,8950
51,146736,Petrol,110,0,1600,85,1080,9900
53,143513,Diesel,69,0,1900,185,1140,10250
48,142130,CNG,110,0,1600,197,1119,9250
48,140700,Diesel,69,0,1900,64,1110,7750
54,138394,Diesel,69,0,1900,185,1095,9450
55,137000,Diesel,72,0,2000,185,1135,7750
52,135258,Diesel,69,0,1900,185,1140,8250
49,131364,Petrol,110,0,1600,85,1075,9950
56,129155,Diesel,69,0,1800,64,1110,4450
50,126110,Petrol,110,0,1600,85,1055,9950
48,119742,Petrol,110,0,1600,85,1080,9000
53,117913,Diesel,69,0,1900,64,1110,9950
47,117430,Diesel,90,0,2000,210,1165,12450
55,117175,Petrol,110,0,1600,69,1035,10500
54,115558,Petrol,110,0,1600,69,1035,10750
53,115113,Petrol,97,0,1400,69,1025,8950
54,115046,Diesel,69,0,1900,185,1140,10500
56,113997,Diesel,72,0,2000,64,1135,5150
49,107859,Petrol,97,0,1400,85,1060,10950
52,104805,Petrol,97,0,1400,69,1025,9450
54,103454,Petrol,110,0,1600,85,1075,9950
51,103018,Diesel,69,0,1900,185,1140,10950
47,102352,Petrol,110,0,1600,85,1080,11900
50,102030,Petrol,97,0,1400,85,1060,9950
54,101352,Petrol,110,0,1600,85,1080,11950
50,99865,Petrol,110,0,1600,69,1035,7900
52,99323,Petrol,110,0,1600,85,1055,10950
48,98100,Diesel,69,0,1900,185,1140,8950
51,98040,Petrol,110,0,1600,85,1080,11950
49,97600,Petrol,110,0,1600,69,1045,10900
55,97234,Petrol,110,0,1600,85,1080,9950
51,96135,Diesel,72,0,2000,185,1115,9950
54,96100,Petrol,110,0,1600,85,1080,10950
55,94401,Diesel,72,0,2000,185,1115,8950
55,94122,Petrol,86,0,1300,69,1015,8950
49,91340,Petrol,110,0,1600,85,1055,10500
53,90200,Petrol,97,0,1400,69,1025,8950
53,90097,Diesel,69,0,1900,185,1140,9250
48,89049,Petrol,97,0,1400,85,1060,11500
52,89000,Petrol,110,0,1600,85,1075,9750
45,87274,Petrol,110,0,1600,69,1040,9950
49,86221,Petrol,110,0,1600,69,1045,11450
54,84598,Petrol,110,0,1600,19,1075,12500
50,83567,Petrol,110,0,1600,85,1075,10500
50,83106,Petrol,110,0,1600,85,1075,12950
50,82805,Petrol,110,0,1600,69,1040,12200
50,82735,Petrol,97,0,1400,69,1030,10950
54,81905,Petrol,110,0,1600,19,1105,10950
49,80320,Petrol,110,1,1600,85,1070,11290
49,80090,Petrol,97,0,1400,69,1030,10750
53,79800,Petrol,110,0,1600,85,1075,10895
47,78785,CNG,110,0,1600,197,1119,11500
48,78600,Petrol,110,0,1600,85,1075,9750
55,77780,Petrol,110,0,1600,69,1040,10250
49,77648,Petrol,110,0,1600,69,1030,12500
54,77270,Petrol,110,0,1600,69,1035,11950
50,76167,Petrol,97,0,1400,85,1060,10750
46,75249,Petrol,110,0,1600,69,1035,11450
54,75231,Petrol,110,0,1600,85,1080,11950
48,75045,Petrol,110,0,1600,85,1055,11750
50,74849,Petrol,110,1,1600,85,1060,10950
55,74715,Petrol,110,0,1600,85,1080,11950
49,74656,Diesel,69,0,1900,185,1105,10995
56,74500,Petrol,97,0,1400,69,1025,11450
49,74494,Petrol,110,0,1600,85,1075,8900
50,73634,Petrol,110,0,1587,85,1075,10500
47,73403,Petrol,110,0,1600,85,1075,11750
49,73175,Petrol,97,0,1400,69,1030,11450
52,73000,Petrol,110,0,1600,85,1055,12000
50,72242,Petrol,110,1,1600,85,1070,11950
53,72000,Petrol,97,0,1400,69,1025,9850
54,71725,Petrol,110,0,1600,69,1035,10950
54,71276,Petrol,110,0,1600,85,1080,10950
50,70440,Diesel,69,0,1900,185,1105,8695
53,70239,Petrol,110,0,1600,69,1040,10990
55,69813,Petrol,97,0,1400,69,1025,9500
49,69659,Petrol,86,0,1300,69,1025,11950
46,69574,Petrol,97,0,1400,85,1065,10750
47,69000,Diesel,69,0,1900,185,1140,8750
49,68565,Petrol,110,0,1600,69,1030,8750
55,68520,Diesel,72,0,2000,185,1115,11450
46,68414,Petrol,97,0,1400,69,1025,9950
56,66777,Petrol,110,0,1600,85,1090,11950
52,66527,Petrol,110,0,1600,85,1080,13950
54,66063,Petrol,110,0,1600,85,1090,11250
50,65471,Petrol,97,0,1400,85,1060,10900
56,65400,Petrol,97,0,1400,69,1025,9750
52,65170,Petrol,97,0,1400,69,1025,9950
56,65000,Petrol,110,0,1600,19,1075,11950
48,64193,Petrol,110,0,1600,69,1040,10450
54,64000,Petrol,97,0,1400,69,1025,8950
54,63792,Petrol,110,0,1600,85,1075,10250
53,63635,Petrol,110,0,1600,69,1035,9930
54,63135,Petrol,110,0,1600,69,1050,10500
54,63123,Petrol,110,0,1600,69,1035,11950
48,63000,Diesel,69,0,1900,185,1140,11500
55,63000,Petrol,110,0,1600,69,1035,11500
54,62987,Petrol,110,0,1600,85,1080,11450
56,62751,Petrol,110,0,1600,69,1050,9900
54,62519,Petrol,97,0,1400,69,1025,9500
50,62280,Petrol,97,0,1400,85,1060,10500
50,61672,Petrol,110,0,1600,85,1075,10750
54,61000,Diesel,69,0,2000,185,1140,8950
56,61000,Petrol,110,0,1600,69,1050,12000
53,60558,Petrol,110,0,1600,19,1105,9940
47,60348,Petrol,110,0,1600,69,1030,10950
54,60239,Petrol,110,0,1600,85,1075,10750
51,59000,Petrol,97,0,1400,69,1025,9799
51,58761,Petrol,97,0,1300,85,1060,11750
54,58745,Petrol,110,0,1600,69,1035,11950
52,58596,Petrol,110,0,1600,69,1045,11250
54,58530,Petrol,110,0,1600,85,1075,11750
55,58377,Petrol,110,0,1600,69,1050,10950
56,58142,Petrol,110,0,1600,85,1080,11250
53,57948,Petrol,97,0,1400,69,1025,9950
51,57645,Petrol,110,0,1600,85,1080,9700
47,57500,Petrol,110,0,1600,19,1105,11950
53,57475,Petrol,110,0,1600,69,1040,9900
55,56743,Petrol,110,0,1600,69,1045,9990
48,56675,Petrol,97,0,1400,69,1025,9475
54,55877,Petrol,110,0,1600,85,1075,11500
53,55500,Petrol,110,0,1600,69,1035,11950
55,54900,Petrol,97,0,1400,85,1060,11500
50,54465,Petrol,110,0,1600,85,1075,10500
46,53700,Petrol,97,0,1400,85,1060,10900
52,53561,Petrol,97,0,1400,85,1060,11700
51,53408,Petrol,110,0,1600,85,1080,11900
51,53268,Petrol,110,0,1600,85,1080,13950
49,53116,Petrol,97,0,1400,69,1025,10950
56,52448,Petrol,97,0,1400,69,1025,10500
55,52149,Petrol,97,0,1400,19,1085,10750
55,52141,Petrol,110,0,1600,85,1070,11950
56,52000,Petrol,97,0,1400,69,1025,10000
48,50967,Petrol,97,0,1400,85,1060,10495
50,50400,Petrol,110,0,1600,85,1080,11450
54,50000,Petrol,97,0,1400,69,1025,9400
51,50000,Petrol,86,0,1300,69,1045,11950
53,49969,Petrol,110,0,1600,85,1075,9650
49,49568,Petrol,110,0,1600,19,1105,18950
51,49473,Petrol,110,0,1600,85,1055,11450
52,49432,Petrol,110,0,1600,69,1050,10250
48,49417,Petrol,110,0,1600,69,1045,11450
54,49366,Petrol,97,0,1400,69,1025,9950
56,48731,Petrol,110,0,1600,85,1055,10500
54,48370,Petrol,110,0,1600,85,1080,13750
48,48071,Petrol,97,0,1400,69,1025,9950
54,47852,Petrol,110,0,1600,69,1030,10250
54,47768,Petrol,110,0,1600,85,1055,10850
52,47689,Petrol,110,0,1600,85,1075,11895
53,47451,Petrol,110,0,1600,85,1055,12950
50,47219,Petrol,110,0,1600,85,1080,11950
56,47211,Petrol,110,0,1600,85,1070,10750
54,46856,Petrol,97,0,1400,85,1060,9550
56,46500,Petrol,86,0,1300,69,1035,10950
52,46449,Petrol,110,0,1600,69,1035,11750
47,46391,Petrol,110,0,1600,85,1075,10950
54,46230,Petrol,110,0,1600,85,1055,12450
52,46029,Petrol,110,0,1600,69,1030,10500
50,46000,Petrol,97,0,1400,69,1025,10900
50,45900,Petrol,110,0,1600,85,1075,12950
47,45850,Petrol,97,0,1400,85,1060,10950
56,45336,Petrol,110,0,1600,85,1080,12500
55,44537,Petrol,97,0,1400,69,1025,9950
56,43700,Petrol,86,0,1300,69,1025,10750
48,43120,Petrol,97,0,1400,69,1030,12500
49,41710,Petrol,110,0,1600,69,1040,10450
52,41700,Petrol,97,0,1400,69,1025,10750
49,41636,Petrol,110,0,1600,19,1105,12950
50,41273,Petrol,97,0,1400,85,1060,10995
49,40836,Petrol,110,1,1600,85,1075,11950
50,40400,Petrol,97,0,1400,85,1060,11250
47,40361,Petrol,110,0,1600,85,1090,11950
54,40325,Petrol,86,0,1300,69,1045,13750
47,40000,Petrol,110,0,1600,85,1080,11000
50,39706,Petrol,110,0,1600,85,1080,13500
54,39291,Petrol,110,0,1600,69,1040,10950
54,39000,Petrol,97,0,1400,69,1025,10750
47,38900,Petrol,97,0,1400,69,1025,8950
51,38403,Petrol,110,0,1600,85,1055,12950
56,37461,Petrol,97,0,1400,69,1025,9750
54,37000,Petrol,97,0,1400,69,1025,10900
55,36406,Petrol,110,0,1600,69,1035,10995
48,36005,Petrol,97,0,1400,85,1065,10750
52,36000,Petrol,110,0,1600,85,1075,10950
49,36000,Petrol,110,0,1600,85,1080,13000
45,36000,Petrol,110,1,1600,85,1070,12950
52,35823,Petrol,110,0,1600,85,1075,11500
56,35230,Petrol,97,0,1400,69,1025,10950
48,35142,Petrol,110,0,1600,85,1055,11710
49,34890,Petrol,97,0,1400,69,1025,9980
51,34882,Petrol,110,0,1600,85,1075,12250
46,34000,Petrol,110,0,1600,85,1075,11500
56,33998,Petrol,110,0,1600,85,1080,11950
55,33230,Petrol,110,0,1600,69,1050,11500
46,33021,Petrol,110,0,1600,85,1080,11900
49,31999,Petrol,97,0,1400,69,1030,11930
52,31579,Petrol,97,0,1400,69,1025,10500
56,31000,Petrol,97,0,1400,69,1025,8950
46,30806,Petrol,97,0,1400,85,1060,10450
55,30461,Petrol,86,0,1300,69,1050,10500
50,29686,Petrol,110,1,1600,85,1075,12950
55,29650,Petrol,86,0,1300,69,1025,9950
52,29500,Petrol,110,0,1600,85,1055,12900
48,28656,Petrol,97,0,1400,19,1085,9950
55,27500,Petrol,97,0,1400,69,1025,9950
48,26938,Petrol,110,0,1600,69,1040,10950
53,26624,Petrol,97,0,1400,85,1060,10950
47,26221,Petrol,97,0,1400,69,1025,9950
50,22648,Petrol,97,0,1400,85,1060,10950
50,22500,Petrol,97,0,1400,69,1025,10800
56,19313,Petrol,97,0,1400,69,1025,10500
50,17619,Petrol,110,0,1600,69,1030,10450
51,17069,Petrol,97,0,1400,69,1025,10600
48,15000,Petrol,97,0,1400,69,1025,10450
50,10210,Petrol,97,0,1400,85,1065,12950
47,5309,Petrol,110,1,1600,85,1070,11250
50,1,Diesel,90,0,2000,64,1260,7500
52,31000,Petrol,97,0,1398,69,1025,8950
58,205000,Diesel,72,0,2000,185,1100,6950
68,204250,Diesel,72,0,2000,185,1115,7900
68,194545,Petrol,86,0,1300,69,1000,5950
59,190900,Diesel,72,0,2000,185,1115,7500
62,183500,Diesel,72,0,2000,185,1140,7500
65,176184,Diesel,72,0,2000,185,1115,6900
67,174833,Diesel,72,0,2000,185,1100,5751
68,155720,Petrol,86,0,1300,69,1015,6950
67,155500,Petrol,110,0,1600,69,1050,7950
59,154783,Diesel,72,0,2000,185,1120,7750
64,154462,Diesel,72,0,2000,185,1135,7950
64,150585,Petrol,110,0,1600,85,1065,8250
67,149000,Diesel,90,0,2000,64,1135,6250
62,147636,Diesel,72,0,2000,185,1135,9500
59,144521,Diesel,72,0,2000,64,1135,6900
64,144000,CNG,110,0,1600,72,1065,8450
65,140168,Diesel,72,0,2000,185,1115,7350
68,140000,Petrol,110,0,1600,85,1085,8950
60,139800,Diesel,72,0,2000,185,1115,6900
59,137050,CNG,110,0,1600,197,1078,8950
61,136956,Petrol,110,0,1600,85,1065,8750
67,135337,CNG,110,0,1600,197,1120,7950
64,133769,Diesel,72,0,2000,185,1120,8950
58,133405,Diesel,72,0,2000,185,1135,8950
65,132807,Diesel,72,0,2000,185,1135,8950
64,132393,Diesel,72,0,2000,185,1135,7950
60,130270,Petrol,110,0,1600,69,1050,7750
59,130000,Diesel,72,0,2000,185,1135,7500
67,127000,Diesel,72,0,2000,185,1135,8950
67,126800,Diesel,72,0,2000,185,1135,9800
66,126452,Petrol,110,0,1600,85,1085,9450
62,125175,Diesel,116,0,2000,185,1150,8950
68,125000,Diesel,72,0,2000,185,1115,8750
61,123000,Diesel,72,0,2000,185,1135,10500
59,121626,Petrol,86,0,1300,69,1050,7995
64,120400,Petrol,110,0,1600,85,1090,10450
66,120000,Diesel,72,0,2000,185,1100,9950
68,119541,Petrol,110,0,1600,85,1055,9950
68,119500,Petrol,110,0,1600,85,1070,8950
68,119289,Petrol,110,0,1600,69,1035,7950
57,118833,Petrol,110,0,1600,85,1065,10950
64,118000,Diesel,72,0,2000,185,1150,9950
68,117955,Petrol,110,1,1600,85,1065,8600
65,117609,Petrol,86,0,1300,69,1015,7250
68,117000,Diesel,72,0,2000,185,1115,6950
64,116000,Petrol,86,0,1300,69,1045,8000
58,115715,Petrol,110,0,1600,85,1070,9950
60,115191,CNG,110,0,1600,197,1079,9450
68,115071,Petrol,110,0,1600,85,1055,7950
63,115000,CNG,110,0,1600,197,1109,9450
64,114846,Petrol,110,0,1600,85,1075,9950
65,114383,Diesel,90,0,2000,64,1260,6950
59,113700,Petrol,110,0,1600,19,1065,8250
67,113118,Petrol,86,0,1300,69,1020,9950
59,112827,Petrol,86,0,1300,69,1040,8250
68,112116,Petrol,110,0,1600,85,1070,9950
66,112000,Petrol,110,0,1600,85,1065,10500
62,112000,Diesel,72,0,2000,64,1135,7950
65,111769,Petrol,110,0,1600,85,1065,9750
61,110853,Petrol,110,0,1600,85,1070,9250
68,110287,Petrol,110,0,1600,69,1050,9500
62,109547,Petrol,110,0,1600,85,1075,9950
63,109230,Petrol,110,0,1600,69,1050,7750
68,109150,Petrol,110,0,1600,85,1075,9500
67,108793,Petrol,110,0,1600,69,1035,9950
64,106784,Petrol,110,1,1600,19,1050,9750
58,105942,Petrol,86,0,1300,69,1040,9750
59,105000,Petrol,86,0,1300,19,1015,5950
62,105000,Petrol,86,0,1300,69,1040,8500
68,104299,Petrol,110,0,1600,85,1085,8495
67,104000,Petrol,86,0,1300,69,1020,9250
68,104000,Petrol,86,0,1300,19,1015,6900
58,103458,Petrol,86,0,1300,69,1025,8950
63,103400,Petrol,110,0,1600,85,1075,9500
63,102807,Petrol,86,0,1300,85,1055,9250
68,102494,Petrol,110,0,1600,85,1090,9895
57,102300,Diesel,72,0,2000,185,1135,9950
61,102106,Petrol,110,0,1600,69,1050,7950
68,101889,Petrol,110,0,1600,85,1075,8750
57,101791,Diesel,72,0,2000,185,1115,8250
63,101469,Petrol,110,0,1600,85,1065,8950
68,101001,Petrol,110,0,1600,85,1075,8950
61,100748,Petrol,110,0,1600,85,1070,8950
65,100550,Petrol,110,0,1600,85,1075,8950
67,99781,Petrol,110,0,1600,85,1085,9450
59,98658,Petrol,86,0,1300,69,1020,8950
65,98500,Petrol,110,0,1600,85,1075,9250
64,98291,Petrol,86,0,1300,69,1000,8750
61,97648,Petrol,110,0,1600,85,1065,9950
61,97425,Petrol,110,0,1600,85,1075,9950
65,97173,Petrol,86,0,1300,69,1015,9900
66,97046,Petrol,86,0,1300,69,1000,8950
67,96000,Petrol,110,0,1600,69,1050,8950
60,96000,Diesel,72,0,2000,185,1100,12250
67,95750,Petrol,110,0,1600,85,1070,9250
61,95147,Petrol,110,0,1600,85,1050,10250
68,95000,Petrol,110,0,1600,69,1050,8950
65,95000,Petrol,110,0,1600,69,1050,7999
66,94606,Petrol,110,0,1600,85,1065,9900
63,94504,Petrol,86,0,1300,69,1000,8250
65,93428,Petrol,110,0,1600,85,1075,10500
65,93408,Petrol,86,0,1300,69,1015,8450
68,93296,Petrol,110,0,1600,85,1090,9900
62,93098,Petrol,110,0,1600,85,1075,10500
67,92922,Diesel,72,0,2000,185,1100,8500
61,92498,Petrol,110,0,1600,69,1050,9500
65,92226,Petrol,110,0,1600,85,1065,9450
68,91505,Diesel,72,0,2000,185,1115,9900
64,91333,Petrol,110,0,1600,69,1050,8250
65,91246,Petrol,86,0,1300,69,1015,8750
58,91000,Petrol,110,0,1600,85,1075,9500
68,90727,Petrol,110,0,1600,69,1050,8450
62,90000,Petrol,110,0,1600,69,1050,8490
60,89576,Petrol,110,0,1600,69,1035,8750
64,89145,Petrol,86,0,1300,69,1025,9750
63,89000,Petrol,110,0,1600,85,1085,9950
68,88807,Petrol,110,0,1600,69,1050,8500
63,88685,Petrol,110,0,1600,85,1070,8450
62,88667,Petrol,110,0,1600,69,1040,7900
57,88480,Petrol,110,0,1600,69,1050,8750
61,88127,Petrol,86,0,1300,69,1015,7950
62,88000,Petrol,86,0,1300,69,1020,6900
65,87821,Petrol,86,0,1300,69,1015,8150
59,87654,Petrol,86,1,1300,85,1065,10995
59,86888,Petrol,110,0,1600,69,1050,8900
59,86871,Petrol,86,0,1300,69,1040,9500
68,86714,Petrol,110,0,1600,69,1035,8950
65,85889,Petrol,110,0,1600,85,1065,11500
62,85000,Petrol,110,0,1600,69,1050,10450
60,85000,Petrol,86,0,1300,69,1025,10500
68,84976,Petrol,110,0,1600,69,1035,9250
65,84558,Petrol,110,0,1600,19,1120,10950
62,84549,Petrol,110,0,1600,85,1075,10450
68,84482,Petrol,110,0,1600,85,1075,9250
62,83908,Petrol,110,0,1600,85,1070,8750
67,83560,Petrol,86,0,1300,69,1015,8750
68,83000,Petrol,107,1,1600,85,1100,9800
64,82723,Petrol,86,0,1300,69,1015,8250
62,82421,Petrol,110,0,1600,85,1065,10450
58,82254,Petrol,110,0,1600,69,1050,9750
61,82115,Petrol,110,0,1600,85,1055,8950
65,82000,Petrol,86,0,1300,69,1015,7450
68,81965,Petrol,86,0,1300,69,1035,8450
66,81250,Petrol,110,0,1600,19,1050,8250
65,81192,Petrol,110,0,1600,85,1065,10950
61,81170,Petrol,110,0,1600,69,1040,8950
66,81083,Petrol,86,0,1300,69,1015,8750
61,80714,Petrol,110,0,1600,85,1075,10450
57,80470,Petrol,110,0,1600,85,1085,10950
65,80439,Petrol,110,0,1600,69,1035,8450
59,80430,Petrol,110,0,1600,85,1065,9950
68,80426,Petrol,110,0,1600,85,1055,9950
62,80265,Petrol,86,0,1300,69,1015,8750
65,80153,Petrol,110,0,1600,85,1070,9950
68,80121,Petrol,110,0,1600,85,1070,9500
65,80086,Petrol,110,0,1600,69,1035,8250
62,80000,Petrol,110,0,1600,85,1075,10950
60,80000,Petrol,86,0,1300,19,1015,7950
65,80000,Petrol,86,0,1300,19,1015,8250
67,79858,Petrol,110,0,1600,69,1040,9895
67,79762,Petrol,86,0,1300,69,1015,9130
59,79660,Petrol,86,1,1300,85,1065,10950
60,79150,Petrol,110,0,1600,85,1075,10500
61,79000,Petrol,110,0,1600,69,1050,8900
57,78955,Petrol,86,0,1300,69,1045,9500
59,78750,Diesel,90,0,1975,210,1155,10950
68,78521,Petrol,86,0,1300,69,1015,7950
64,78356,Petrol,86,0,1300,69,1015,7950
65,78076,Petrol,86,0,1300,69,1015,7950
61,78063,Petrol,107,1,1600,85,1100,9500
67,77821,Petrol,110,0,1600,85,1075,10950
68,77695,Petrol,110,0,1600,69,1035,9750
65,77500,Petrol,110,0,1600,69,1050,9750
63,77457,Petrol,110,0,1600,85,1055,9450
68,77029,Petrol,86,0,1300,69,1015,8950
68,77008,Petrol,86,0,1300,69,1015,8950
66,76791,Petrol,110,0,1600,85,1070,8900
61,76700,Petrol,86,0,1300,69,1035,9950
67,76569,Petrol,86,0,1300,69,1020,8750
59,76162,Petrol,110,0,1600,85,1075,8950
65,76155,Petrol,110,0,1600,69,1035,8990
61,75609,Petrol,86,0,1300,69,1015,8950
62,75569,Diesel,72,0,2000,185,1120,8950
67,75429,Petrol,110,0,1600,85,1065,9950
68,75000,Petrol,110,0,1600,85,1075,9900
65,75000,Petrol,86,0,1300,19,1015,8950
62,75000,Petrol,110,0,1600,85,1070,8950
66,74963,Petrol,107,1,1600,85,1085,9500
68,74889,Petrol,86,0,1300,69,1015,7950
68,74875,Petrol,110,0,1600,85,1070,7750
63,74747,Petrol,110,0,1600,85,1075,8950
60,74720,Petrol,110,0,1600,85,1085,11950
62,74457,Petrol,110,0,1600,85,1075,8950
60,74337,Petrol,86,0,1300,69,1035,11950
68,74308,Petrol,110,0,1600,69,1050,8950
64,74193,Petrol,110,0,1600,69,1050,9950
65,74179,Petrol,110,0,1600,69,1050,8250
67,73936,Petrol,86,0,1300,69,1050,8995
61,73894,Petrol,110,0,1600,85,1065,9995
64,73500,Petrol,110,0,1600,69,1050,9250
64,73376,Petrol,110,0,1600,85,1070,10950
64,73300,Petrol,86,0,1300,69,1015,8900
58,73172,Petrol,110,0,1600,85,1075,9500
58,72928,Petrol,110,0,1600,85,1075,9950
67,72880,Petrol,86,0,1332,69,1015,7950
63,72522,Petrol,110,0,1600,69,1050,8250
64,72000,Petrol,86,0,1300,69,1015,9450
57,72000,Petrol,86,0,1300,69,1015,7950
59,71366,Petrol,110,0,1600,85,1065,9500
65,71317,Petrol,110,0,1600,69,1050,8950
62,71000,Petrol,110,0,1600,85,1070,10950
60,70954,Petrol,110,0,1600,69,1050,8950
63,70908,Petrol,86,0,1300,69,1035,9450
58,70560,Petrol,110,0,1600,69,1050,8000
67,70552,Petrol,110,0,1600,85,1075,9900
62,70500,Petrol,110,0,1600,69,1035,8950
60,70453,Diesel,72,0,2000,185,1135,10900
59,70218,Petrol,110,0,1600,69,1050,9450
64,70116,Petrol,110,0,1600,69,1035,8450
65,70068,Petrol,110,0,1600,85,1075,9500
67,70000,Petrol,107,1,1587,19,1065,10500
68,70000,Petrol,86,0,1300,69,1015,6950
68,69103,Petrol,110,0,1600,69,1035,9750
58,69022,Petrol,86,0,1300,69,1035,6950
67,69000,Petrol,110,0,1600,85,1065,9650
68,68865,Petrol,110,0,1600,85,1065,9950
58,68723,Petrol,86,0,1300,69,1025,9250
63,68453,Petrol,110,0,1600,85,1070,8950
63,68238,Petrol,86,0,1300,69,1050,9900
63,68153,Petrol,110,0,1600,85,1085,10995
65,68000,Petrol,110,0,1600,85,1075,10500
65,68000,Petrol,86,0,1300,69,1015,8950
67,67762,Petrol,110,0,1600,85,1065,9750
68,67146,Petrol,110,0,1600,85,1075,10950
67,67110,Petrol,86,0,1300,69,1035,9750
59,67010,Petrol,110,0,1600,85,1065,9950
65,67003,Petrol,110,0,1600,69,1035,10500
68,66785,Petrol,86,1,1300,69,1045,10400
68,66550,Petrol,86,0,1332,69,1010,8800
61,66259,Petrol,110,0,1600,85,1065,10500
62,66082,Petrol,110,0,1600,85,1070,9250
65,66000,Petrol,86,0,1300,69,1015,7800
61,66000,Petrol,110,0,1600,69,1050,9950
63,65896,Petrol,110,0,1600,85,1065,10750
67,65785,Petrol,110,0,1600,85,1075,10950
65,65513,Petrol,110,1,1600,85,1070,9950
59,65463,Petrol,110,0,1600,85,1070,9950
68,65400,Petrol,86,0,1300,69,1000,8100
60,65259,Petrol,110,0,1600,69,1050,9250
64,65000,Petrol,110,0,1600,69,1050,7800
68,65000,Petrol,110,0,1600,85,1070,9000
57,65000,Petrol,110,0,1600,69,1035,8950
62,64966,Petrol,86,0,1300,69,1020,8950
68,64950,Petrol,110,0,1600,85,1075,9950
60,64914,Petrol,110,0,1600,85,1070,8500
62,64797,Petrol,110,0,1600,85,1075,7995
65,64772,Petrol,110,0,1600,69,1050,8750
63,64690,Petrol,86,0,1300,69,1020,9750
65,64630,Petrol,110,0,1600,85,1070,10950
67,64613,Petrol,110,0,1600,85,1085,9750
60,64383,Petrol,86,0,1300,69,1015,8200
68,64000,Petrol,110,0,1600,85,1075,8950
66,63881,Petrol,86,0,1300,69,1015,9500
58,63870,Diesel,72,0,2000,185,1135,10950
66,63328,Petrol,86,1,1300,85,1065,9750
65,63000,Petrol,86,1,1300,85,1065,9950
61,63000,Petrol,86,1,1300,69,1050,10450
65,62396,Petrol,110,0,1600,69,1050,9850
62,62377,Petrol,110,0,1600,85,1075,9450
67,62316,Petrol,110,0,1600,69,1050,10295
68,62292,Petrol,110,0,1600,85,1065,9750
65,62225,Petrol,110,0,1600,69,1050,8950
68,62222,Petrol,110,0,1600,85,1075,9900
66,62135,Petrol,86,0,1300,69,1035,8750
58,62024,Petrol,110,0,1600,85,1075,9950
60,61977,Petrol,86,0,1300,69,1015,8500
62,61930,Petrol,110,0,1600,69,1035,9950
57,61682,Petrol,110,0,1600,69,1050,10950
68,61568,Petrol,110,0,1600,69,1035,9795
68,61504,Petrol,110,0,1600,69,1035,8750
65,61384,Petrol,110,0,1600,69,1050,8250
58,61343,Petrol,110,0,1600,85,1075,9950
62,61254,Petrol,110,0,1600,85,1075,9950
59,61166,Petrol,110,0,1600,69,1050,10500
62,61149,Petrol,86,0,1300,69,1040,9750
61,61144,Petrol,110,0,1600,85,1090,11250
59,61127,Petrol,110,0,1600,69,1050,8900
60,61100,Petrol,86,0,1300,69,1015,7950
68,61100,Petrol,110,0,1600,85,1075,11500
57,61000,Petrol,110,0,1600,69,1050,9450
65,60724,Petrol,86,0,1300,69,1015,7995
59,60708,Petrol,86,0,1300,69,1045,10995
61,60532,Petrol,110,0,1600,69,1050,8950
67,60000,Petrol,86,1,1300,69,1030,8250
66,60000,Petrol,86,0,1300,69,1015,8950
65,60000,Petrol,86,0,1300,69,1015,8950
62,59295,Petrol,86,0,1300,69,1035,9500
65,59264,Petrol,86,0,1300,69,1015,7500
63,59000,Petrol,110,0,1600,69,1050,8950
63,59000,Petrol,86,0,1300,19,1035,9950
65,59000,Petrol,110,0,1600,19,1075,9750
61,59000,Petrol,110,0,1600,85,1070,9450
65,59000,Petrol,110,0,1600,69,1050,9950
68,58860,Petrol,110,0,1600,85,1055,9750
65,58829,Petrol,110,0,1600,69,1050,8950
66,58654,Petrol,110,0,1600,85,1070,8250
65,58300,Petrol,86,0,1300,69,1015,7750
60,58269,Petrol,110,0,1600,69,1050,8950
64,58136,Petrol,110,0,1600,85,1075,9950
66,58113,Petrol,107,1,1600,85,1085,9450
67,58058,Petrol,110,0,1600,85,1065,12950
58,58000,Petrol,110,0,1600,69,1050,9950
62,58000,Petrol,110,0,1600,85,1065,10495
68,57565,Petrol,86,0,1300,69,1035,7950
63,57413,Petrol,107,1,1600,85,1115,10500
65,57374,Petrol,110,0,1600,85,1075,8950
62,57179,Petrol,110,0,1600,85,1075,9900
61,57169,Petrol,110,0,1600,85,1065,9995
63,57124,Petrol,110,0,1600,85,1065,9950
63,57000,Petrol,110,0,1600,69,1050,9950
67,57000,Petrol,110,0,1600,69,1050,8250
63,57000,Petrol,86,0,1300,69,1035,9950
59,56259,Petrol,86,0,1300,69,1015,8950
62,56209,Petrol,107,1,1600,85,1080,10950
67,56074,Petrol,86,0,1300,69,1000,9250
63,55942,Petrol,110,0,1600,85,1070,9950
57,55844,Petrol,86,0,1300,69,1045,9995
61,55747,Petrol,86,0,1300,69,1020,8750
58,55478,Petrol,86,0,1300,69,1045,10950
60,55085,Petrol,107,1,1600,85,1105,10350
65,55061,Petrol,110,0,1600,85,1070,9950
65,55000,Petrol,86,0,1300,69,1015,8950
57,55000,Petrol,110,0,1600,85,1075,10950
63,54936,Petrol,110,0,1600,85,1075,10950
68,54875,Petrol,110,0,1600,85,1070,8950
67,54847,Petrol,110,0,1600,69,1050,8900
60,54554,Petrol,110,0,1600,85,1065,10250
61,54125,Petrol,110,0,1600,69,1035,9450
61,54000,Petrol,110,0,1600,85,1055,9250
57,54000,Petrol,110,0,1600,85,1075,10500
58,54000,Petrol,86,0,1300,69,1035,7350
57,54000,Petrol,110,0,1600,19,1135,10250
62,53285,Petrol,110,0,1600,85,1075,10250
65,53053,Petrol,110,0,1600,85,1075,11500
68,53000,Petrol,110,1,1587,19,1075,8950
68,53000,Petrol,86,0,1300,69,1015,7750
64,52968,Petrol,110,0,1600,69,1050,9500
67,52800,Petrol,86,0,1300,69,1015,8450
57,52548,Petrol,110,0,1600,69,1050,8950
60,52487,Petrol,110,0,1600,69,1035,8400
66,52383,Petrol,86,0,1300,69,1015,9250
61,52112,Petrol,110,0,1600,69,1035,8900
58,51712,Petrol,110,0,1600,69,1050,8750
58,51421,Petrol,110,1,1600,85,1105,10950
61,51235,Petrol,86,0,1300,69,1000,8950
65,51000,Petrol,86,0,1300,69,1015,8950
61,50925,Petrol,110,0,1600,85,1070,8895
66,50806,Petrol,86,0,1300,19,1480,9390
59,50469,Petrol,110,0,1600,85,1070,8750
61,50173,Petrol,110,0,1600,85,1075,9750
62,50000,Petrol,110,0,1600,85,1075,9950
65,49942,Petrol,110,0,1600,85,1065,10950
67,49585,Petrol,110,0,1600,85,1085,9900
62,49258,Petrol,110,0,1600,69,1035,9500
61,49000,Petrol,110,0,1600,69,1050,9950
63,48738,Petrol,110,0,1600,85,1055,9950
62,47750,Petrol,86,0,1300,69,1040,10500
63,47612,Petrol,86,0,1300,69,1015,9950
68,47500,Petrol,86,0,1300,69,1035,10495
66,47237,Petrol,110,0,1600,69,1050,9500
58,47171,Petrol,86,0,1300,69,1015,8500
60,47060,Petrol,110,0,1600,69,1035,10450
65,47014,Petrol,86,0,1300,69,1015,8950
59,46929,Petrol,86,0,1300,69,1025,9900
63,46000,Petrol,86,0,1300,69,1035,8900
65,45681,Petrol,110,0,1600,69,1050,8745
65,45549,Petrol,86,0,1300,69,1015,8750
57,45000,Petrol,110,0,1600,69,1050,10750
57,45000,Petrol,110,0,1600,69,1050,9750
65,45000,Petrol,110,0,1600,85,1075,8850
66,45000,Petrol,86,0,1300,69,1035,7950
63,45000,Petrol,110,0,1600,69,1035,9450
61,45000,Petrol,107,1,1600,85,1085,9950
63,44944,Petrol,110,0,1600,69,1035,8250
61,44597,Petrol,86,0,1300,19,1015,9950
68,44458,Petrol,86,0,1300,69,1015,9995
59,43818,Petrol,110,0,1600,85,1070,9950
60,43426,Petrol,110,0,1600,85,1070,10495
58,43000,CNG,110,1,1600,72,1114,7950
68,43000,Petrol,110,0,1600,69,1035,8950
57,43000,Petrol,110,0,1600,85,1075,9695
64,43000,Petrol,86,0,1300,69,1015,7750
68,42750,Petrol,110,0,1600,69,1050,9950
67,42102,Petrol,110,0,1600,85,1075,9950
63,41586,Petrol,110,0,1600,19,1114,9950
64,41200,Petrol,110,0,1600,85,1070,9900
57,40214,Petrol,86,0,1300,69,1025,10950
60,40000,Petrol,86,0,1300,69,1000,8950
66,39222,Petrol,86,1,1300,69,1045,8950
66,39144,Petrol,110,0,1600,69,1050,8250
62,39000,Petrol,110,0,1600,85,1075,10250
61,38019,Petrol,110,0,1600,85,1070,8750
68,37759,Petrol,110,0,1600,85,1070,9750
61,37500,Petrol,110,0,1600,85,1085,10950
60,37111,Petrol,110,0,1600,69,1050,10950
62,37000,Petrol,86,0,1300,69,1015,9750
59,36954,Petrol,110,0,1600,69,1050,8900
60,36943,Petrol,110,0,1600,85,1070,9500
63,36923,Petrol,86,0,1300,69,1050,9950
66,36658,Petrol,110,0,1600,69,1050,9950
65,36000,Petrol,86,0,1300,69,1015,8250
65,36000,Petrol,110,0,1600,85,1065,10450
62,35512,Petrol,110,0,1600,85,1065,10950
65,35283,Petrol,86,0,1300,69,1015,9250
68,35000,Petrol,110,0,1600,69,1050,8900
57,35000,Petrol,86,0,1300,69,1045,10900
64,34114,Petrol,110,0,1600,69,1050,9750
58,34000,Petrol,110,0,1600,85,1075,11950
68,33847,Petrol,86,0,1300,69,1000,7900
57,33535,Petrol,110,0,1600,69,1035,10900
65,33000,Petrol,110,0,1600,69,1050,10450
59,32150,Petrol,110,0,1600,85,1085,10950
65,31588,Petrol,86,0,1300,69,1015,9950
60,31480,Petrol,110,0,1600,85,1065,10750
57,31307,Petrol,110,0,1600,85,1070,9900
68,31000,Petrol,110,0,1600,69,1035,10750
58,30634,Petrol,110,0,1600,85,1075,10450
68,30300,Petrol,86,0,1300,69,1000,9450
60,28500,Petrol,86,1,1300,69,1045,10750
60,28500,Petrol,110,0,1600,85,1075,10950
57,28000,Petrol,86,0,1300,69,1015,10000
68,26698,Petrol,110,0,1600,85,1055,10500
62,26000,Petrol,107,1,1600,85,1085,12500
62,25505,Petrol,86,0,1300,69,1035,8950
58,25000,Petrol,110,0,1600,85,1075,10500
66,22835,Petrol,110,0,1600,69,1050,9245
59,22705,Petrol,110,0,1600,85,1075,10950
63,22178,Petrol,86,0,1300,69,1015,9500
62,17345,Petrol,110,0,1600,69,1050,10900
67,15535,Petrol,86,1,1300,69,1030,10950
66,15110,Petrol,86,0,1300,69,1035,9450
73,232940,Diesel,72,0,2000,40,1172,5900
79,218118,Diesel,72,0,2000,185,1150,6950
78,217764,Diesel,72,0,2000,185,1135,6000
79,207114,CNG,110,0,1600,197,1114,5250
74,203254,Diesel,72,0,2000,64,1135,4400
77,200732,Diesel,72,0,2000,185,1100,6750
69,197501,Diesel,72,0,2000,185,1135,8500
80,194765,Diesel,72,0,2000,185,1120,6150
76,191620,Diesel,72,0,2000,185,1150,6950
76,183277,Diesel,72,0,2000,185,1115,5750
78,180378,Diesel,72,0,2000,185,1100,8750
70,178800,Diesel,72,0,2000,185,1115,6500
73,176177,Petrol,110,0,1600,85,1075,5950
78,176000,Petrol,86,0,1300,69,1035,6500
77,172980,Diesel,72,0,2000,64,1135,10500
77,170000,Diesel,72,0,2000,185,1100,8500
71,164000,Petrol,110,0,1600,19,1050,7950
78,161775,Petrol,86,0,1300,69,1015,5800
80,160000,Petrol,86,0,1300,69,1015,6750
78,159968,Diesel,72,0,2000,185,1115,6950
74,159908,Petrol,110,0,1600,69,1050,5740
73,158492,Petrol,86,0,1300,69,1015,6550
69,156204,Diesel,72,0,2000,185,1115,8950
73,156169,Petrol,86,0,1300,69,1035,6750
78,155210,Petrol,110,0,1600,69,1050,7950
69,155000,Diesel,72,0,2000,185,1115,7950
76,154900,Diesel,72,0,2000,185,1140,7450
70,151300,Diesel,72,0,2000,185,1150,7750
71,151000,CNG,110,0,1600,197,1094,6450
75,150000,Diesel,72,0,2000,64,1135,7900
69,146304,Diesel,72,0,2000,185,1115,6900
75,146197,Petrol,86,0,1300,69,1015,5600
77,145996,Petrol,110,0,1600,69,1035,5950
80,143560,Petrol,86,1,1300,69,1045,6950
71,139145,Diesel,73,0,2000,185,1115,7950
79,138500,Petrol,86,0,1300,69,1050,8950
74,137741,Diesel,90,0,2000,185,1135,7950
80,137178,Diesel,90,0,2000,185,1135,9500
76,134889,Diesel,72,0,2000,185,1115,8600
71,134660,Diesel,72,0,2000,64,1135,5950
73,134539,Petrol,110,0,1600,85,1070,7750
79,131500,Diesel,72,0,2000,185,1140,7950
77,131307,Petrol,110,0,1600,69,1050,6950
74,130025,Petrol,110,0,1600,69,1050,7250
78,130000,Petrol,86,0,1300,19,1015,6500
77,128960,Petrol,110,0,1600,85,1070,7250
80,128351,Petrol,110,0,1600,85,1070,9250
73,128006,Petrol,110,0,1600,69,1050,8250
71,127159,Diesel,72,0,2000,185,1115,7250
72,126478,Petrol,110,0,1600,69,1035,5250
77,126000,Petrol,110,0,1600,69,1050,7900
76,125778,Petrol,110,0,1600,69,1050,6900
75,125400,Petrol,110,0,1600,69,1050,7900
74,124910,Diesel,72,0,2000,185,1135,7250
70,124743,Petrol,110,0,1600,69,1050,8450
76,124591,Petrol,110,0,1600,85,1075,7950
74,124057,Petrol,110,0,1600,69,1050,7950
72,123403,Petrol,110,0,1600,69,1050,6450
75,123104,Petrol,110,0,1600,85,1070,6650
74,123077,Petrol,86,0,1300,69,1015,7950
80,122820,Petrol,86,0,1300,69,1040,7250
77,122290,Petrol,110,0,1600,69,1050,7450
74,121900,Petrol,110,0,1600,69,1035,7950
77,121545,Petrol,110,0,1600,85,1070,7250
71,120474,Diesel,72,0,2000,185,1115,8250
76,120263,Diesel,72,0,2000,64,1135,8950
74,120196,Petrol,110,0,1600,69,1050,7750
71,120000,Petrol,110,0,1600,85,1085,8500
78,120000,Petrol,110,0,1600,85,1075,7750
73,115877,Petrol,110,0,1600,69,1035,5750
76,115345,Petrol,110,0,1600,85,1070,6900
71,115157,Petrol,110,0,1600,69,1050,6500
78,115000,Petrol,107,1,1600,85,1100,6500
77,114258,Petrol,86,0,1300,69,1050,7600
73,112963,Diesel,72,0,2000,185,1135,8950
74,112307,Petrol,110,0,1600,85,1070,7450
72,112000,Petrol,86,0,1300,69,1015,7350
73,111602,Petrol,86,0,1300,69,1015,7750
80,111392,CNG,110,0,1598,197,1083,7460
76,110901,Petrol,110,0,1600,85,1085,9250
80,110887,Petrol,110,0,1600,85,1055,7250
72,110634,Petrol,86,0,1300,69,1015,6500
80,110000,Petrol,110,0,1600,69,1035,6800
75,109540,Petrol,110,0,1600,85,1085,8700
78,109263,Petrol,110,0,1600,85,1070,7500
71,107516,Petrol,110,0,1600,69,1050,7750
73,107108,Petrol,110,0,1600,69,1050,7950
75,107000,Petrol,110,0,1600,69,1050,9950
74,106250,Petrol,110,0,1600,85,1070,6640
71,106150,Petrol,86,0,1300,19,1015,8750
72,106108,Petrol,110,0,1600,69,1050,7750
72,105856,Petrol,86,0,1300,69,1015,5950
77,105152,Petrol,86,0,1300,69,1015,6750
80,105135,Petrol,110,0,1600,69,1050,6500
76,104344,Petrol,110,0,1600,69,1050,8750
74,104150,Petrol,110,0,1600,69,1050,7950
74,104000,Petrol,86,0,1300,69,1010,6750
73,103121,Petrol,86,0,1300,69,1035,7950
80,102300,Petrol,86,0,1300,69,1015,7950
75,102005,Petrol,107,1,1600,85,1105,8950
77,102000,Petrol,86,0,1300,69,1015,7750
75,101855,Petrol,110,0,1600,85,1070,6450
74,101773,Petrol,110,0,1600,69,1050,6900
75,101159,Petrol,110,0,1600,85,1085,8450
74,101000,Petrol,86,0,1300,19,1015,6750
74,100732,Petrol,86,1,1300,69,1030,8050
79,100719,Petrol,110,0,1600,85,1070,9500
78,100487,Petrol,110,0,1600,69,1035,7750
80,100458,Petrol,110,0,1600,85,1085,8500
75,100192,Petrol,110,0,1600,69,1050,7795
80,100123,Petrol,110,0,1600,69,1050,6490
73,99971,Petrol,110,0,1600,69,1050,7950
79,99397,Petrol,86,0,1300,69,1035,6425
69,99374,Petrol,86,0,1300,69,1035,8950
72,99245,Petrol,110,0,1600,19,1114,6950
79,98742,Petrol,110,0,1600,85,1085,8750
71,98154,Petrol,110,0,1600,69,1050,8450
77,98000,Petrol,110,0,1600,19,1065,7950
80,97548,Petrol,86,0,1300,69,1035,7950
78,97534,Petrol,110,0,1600,85,1070,8900
73,97494,Petrol,110,0,1600,85,1085,8950
73,97085,Petrol,110,0,1600,85,1085,8900
69,97000,Petrol,110,0,1600,69,1035,7950
74,96302,Petrol,86,0,1300,69,1015,6495
78,96000,Petrol,86,0,1300,69,1015,7250
74,96000,Petrol,110,0,1600,85,1085,9250
78,95909,Petrol,110,0,1600,85,1070,6650
79,95700,Petrol,110,0,1600,85,1085,6990
78,95651,Petrol,110,0,1600,85,1070,7750
79,95000,Petrol,86,0,1300,69,1035,6950
80,94447,Petrol,110,0,1600,69,1050,7250
80,94079,Petrol,110,0,1600,85,1085,9950
80,93841,Petrol,110,0,1600,85,1070,9250
79,93090,Petrol,86,0,1300,69,1035,7200
72,93066,Petrol,110,0,1600,85,1075,8250
79,93039,Petrol,110,0,1600,69,1050,8950
77,93000,Petrol,110,0,1600,85,1075,8250
80,92830,Petrol,86,0,1300,69,1015,6250
80,92255,Petrol,107,1,1600,85,1105,9900
80,92096,Petrol,86,0,1300,69,1035,7300
72,91921,Petrol,86,0,1300,69,1020,8950
70,91900,Petrol,86,0,1300,69,1015,6500
78,91399,Petrol,110,0,1600,85,1070,7950
75,91082,Petrol,110,0,1600,69,1050,7450
71,90370,Petrol,86,0,1300,69,1035,7950
78,90345,Petrol,86,0,1300,69,1035,8500
77,90305,Petrol,86,0,1300,69,1015,6950
78,90011,Petrol,86,1,1300,69,1045,7950
77,90000,Petrol,86,0,1300,69,1015,6750
70,89983,Petrol,110,0,1600,85,1055,8450
78,89953,Petrol,110,0,1600,19,1114,7500
74,89800,Diesel,72,0,2000,185,1115,8750
79,89739,Petrol,86,0,1300,69,1035,8750
76,89520,Petrol,110,0,1600,69,1050,8950
75,89507,Petrol,86,0,1300,69,1015,7450
69,89096,Petrol,110,0,1600,85,1085,9200
74,88700,Petrol,110,0,1600,69,1050,8950
72,88500,Petrol,110,0,1600,85,1075,7850
73,88186,Diesel,72,0,2000,185,1115,6950
75,88000,Petrol,110,0,1600,69,1050,7200
78,87743,Petrol,110,0,1600,85,1055,7450
75,87613,Petrol,86,0,1300,69,1015,6750
73,87358,Petrol,110,0,1600,69,1050,7500
72,87083,Petrol,110,0,1600,69,1035,7450
70,87000,Petrol,110,0,1600,69,1035,7950
78,87000,Petrol,110,0,1600,69,1035,7250
73,87000,Petrol,86,0,1300,69,1015,7950
80,87000,Petrol,86,0,1300,69,1015,8250
72,86860,Petrol,110,0,1600,85,1075,8250
80,86109,Petrol,110,0,1600,85,1055,6750
79,86000,Petrol,86,0,1300,69,1040,8750
80,86000,Petrol,110,0,1600,19,1050,8950
70,85864,Diesel,72,0,2000,185,1135,8500
80,85565,Petrol,110,0,1600,85,1070,8250
70,85470,Petrol,107,1,1600,85,1080,9450
73,85200,Petrol,110,0,1600,69,1050,7950
70,85000,Petrol,110,0,1600,85,1055,7900
73,84988,Petrol,110,0,1600,69,1050,8500
79,84966,Petrol,110,0,1600,85,1070,8250
76,84472,Petrol,110,0,1600,85,1070,8250
73,84402,Petrol,110,0,1600,69,1035,8950
74,84123,Petrol,110,0,1600,69,1050,7950
80,84000,Petrol,110,0,1600,85,1075,6950
78,84000,Petrol,110,0,1600,19,1065,7250
77,84000,Petrol,110,0,1600,85,1085,7750
75,83850,Petrol,110,0,1600,85,1055,8700
80,83540,Petrol,110,0,1600,85,1070,8950
76,83405,Petrol,110,0,1600,85,1070,6750
71,83291,Petrol,110,0,1600,85,1070,7500
69,83133,Petrol,86,0,1300,69,1015,7950
71,83047,Petrol,86,1,1300,69,1045,8950
71,82700,Petrol,110,0,1600,69,1050,7950
78,82675,Petrol,86,0,1300,69,1015,7450
78,82595,Petrol,86,0,1300,19,1015,5950
75,82256,Petrol,110,0,1600,69,1050,7750
77,82103,Petrol,86,0,1300,69,1015,6950
80,82021,Petrol,86,0,1300,69,1035,8750
71,82000,Petrol,110,0,1600,85,1075,8950
79,81988,Petrol,110,0,1600,85,1070,7495
76,81930,Petrol,110,0,1600,85,1070,7750
70,81663,Petrol,110,0,1600,69,1050,6950
77,80486,Petrol,110,0,1600,85,1070,7990
78,80000,Petrol,110,0,1600,19,1065,7250
69,79000,Petrol,86,0,1300,69,1015,6900
74,78894,Petrol,110,0,1600,85,1070,7750
78,78689,Petrol,110,0,1600,69,1035,7250
77,78435,Petrol,86,0,1300,69,1015,8950
71,78260,Petrol,110,0,1600,69,1050,8500
72,78120,Petrol,110,0,1600,85,1075,7950
77,77000,Petrol,86,0,1300,19,1015,6950
78,77000,Petrol,110,0,1600,69,1050,8000
75,76382,Petrol,110,0,1600,85,1055,7950
76,76268,Petrol,86,0,1300,69,1015,8500
73,76151,Petrol,86,0,1300,69,1015,7490
80,76000,Petrol,110,0,1600,69,1050,8250
71,76000,Petrol,110,0,1600,85,1070,9250
72,75840,Petrol,86,0,1300,69,1035,7950
77,75799,Petrol,110,0,1600,19,1050,9500
72,75525,Petrol,110,0,1600,19,1114,8950
78,75323,Petrol,86,0,1300,69,1050,8450
79,75322,Petrol,110,0,1600,85,1115,7995
78,75226,Petrol,110,0,1600,69,1035,8750
71,75085,Petrol,86,0,1300,69,1035,5950
73,75000,Petrol,110,0,1600,85,1075,8500
69,75000,Petrol,86,0,1300,69,1000,8950
69,75000,Petrol,86,0,1300,69,1000,8750
78,74926,Petrol,110,0,1600,85,1075,7600
80,74785,Petrol,110,0,1600,85,1070,7145
69,74573,Petrol,110,0,1600,85,1085,8450
75,74567,Petrol,86,0,1300,19,1015,5950
80,74196,Petrol,110,0,1600,85,1075,9000
80,74151,Petrol,110,0,1600,69,1050,7250
75,74096,Petrol,110,0,1600,69,1050,7400
79,74093,Petrol,110,0,1600,85,1075,8800
71,74000,Petrol,110,0,1600,69,1050,7750
75,74000,Petrol,86,0,1300,69,1015,7500
78,73638,Petrol,86,1,1300,19,1015,8450
75,73460,Petrol,110,0,1600,85,1070,7400
80,73200,Petrol,110,0,1600,85,1070,7500
76,73116,Petrol,110,0,1600,85,1075,8950
70,73014,Petrol,110,0,1600,85,1075,8950
77,72703,Petrol,110,0,1600,69,1050,7950
79,72328,Petrol,110,0,1600,85,1075,7950
78,72222,Petrol,110,0,1600,85,1070,7950
71,72128,Petrol,107,1,1600,85,1100,8950
78,72090,Petrol,110,0,1600,85,1070,7750
78,72000,Petrol,110,0,1600,69,1035,8250
78,72000,Petrol,110,0,1600,85,1055,7950
77,71900,Petrol,86,0,1300,69,1015,7750
77,71825,Petrol,110,0,1600,85,1075,8500
80,71740,Petrol,110,0,1600,85,1070,6950
80,71500,Petrol,110,0,1600,69,1035,7500
79,71359,Petrol,110,0,1600,69,1050,7750
79,71263,Petrol,86,0,1300,69,1015,5950
78,71186,Petrol,110,0,1600,69,1050,7500
72,71054,Petrol,86,1,1300,69,1045,8950
76,71000,Petrol,110,0,1600,69,1050,7950
80,70939,Petrol,110,1,1600,85,1100,6900
77,70932,Petrol,110,0,1600,69,1050,7450
80,70597,Petrol,107,1,1600,85,1080,8500
73,70482,Petrol,110,0,1600,19,1075,7500
77,70124,Petrol,110,0,1600,69,1050,8750
76,70039,Petrol,110,0,1600,69,1050,7500
80,69904,Petrol,110,0,1600,85,1070,9950
75,69388,Petrol,86,0,1300,69,1010,7950
75,69320,Petrol,110,0,1600,85,1070,9950
78,69000,Petrol,110,0,1600,85,1075,9250
73,68988,Petrol,86,0,1300,69,1035,9250
79,68945,Petrol,110,0,1600,85,1085,9950
74,68285,Petrol,110,0,1600,69,1050,5950
76,68000,Petrol,110,0,1600,85,1075,7995
70,68000,Petrol,86,1,1300,69,1045,8950
75,67451,Petrol,86,0,1300,69,1000,7450
76,67266,Petrol,86,0,1300,69,1035,8250
78,67255,Petrol,110,0,1600,85,1085,8500
70,67100,Petrol,110,0,1600,85,1075,8500
69,67092,Diesel,72,0,2000,185,1115,9400
80,66880,Petrol,110,0,1600,85,1055,7250
79,66855,Petrol,110,0,1600,85,1075,8950
80,66843,Petrol,110,0,1600,85,1075,9450
74,66718,Petrol,110,0,1600,69,1050,8500
80,66168,Petrol,86,0,1300,69,1015,6750
80,65950,Petrol,110,0,1600,85,1070,7400
78,65500,Petrol,86,0,1300,69,1015,8950
80,65307,Petrol,110,0,1600,85,1055,6900
79,65254,Petrol,86,0,1300,69,1015,7750
71,65021,Diesel,72,0,2000,185,1115,8950
75,65006,Petrol,86,0,1300,69,1015,6950
77,64280,Petrol,110,0,1600,69,1035,8495
75,64000,Petrol,107,1,1600,85,1085,10000
71,64000,Petrol,110,0,1600,85,1070,6999
80,64000,Petrol,110,0,1600,85,1055,8950
79,63918,Petrol,110,0,1600,69,1035,8500
75,63634,Petrol,110,0,1600,69,1035,8750
80,63500,Petrol,110,0,1600,69,1050,7499
80,63266,Petrol,110,0,1600,69,1035,9000
77,62595,Petrol,110,0,1600,69,1050,8950
80,62581,Petrol,110,0,1600,85,1075,6950
77,62285,Petrol,110,0,1600,85,1075,8500
77,61906,Petrol,86,1,1300,85,1065,8450
74,61700,Petrol,110,0,1600,85,1070,8950
77,61648,Petrol,110,0,1600,85,1070,8250
75,61626,Petrol,86,0,1300,69,1035,7950
70,61510,Petrol,110,0,1600,69,1035,7450
79,61165,Petrol,107,1,1600,85,1080,9000
70,61000,Petrol,110,0,1600,69,1035,7150
76,60833,Petrol,110,0,1600,69,1035,7750
70,60600,Petrol,86,0,1300,85,1060,5845
72,60483,Petrol,110,0,1600,85,1075,8500
80,60476,Petrol,110,0,1600,19,1114,8250
79,60142,Petrol,110,0,1600,69,1050,9450
69,60050,Petrol,110,0,1600,69,1050,6750
77,60000,Petrol,110,0,1600,69,1050,8400
76,60000,Petrol,110,0,1600,69,1050,7900
76,59815,Petrol,110,0,1587,85,1055,7950
80,59326,Petrol,110,0,1600,85,1085,8750
73,59240,Petrol,110,0,1600,69,1050,9900
71,59164,Petrol,110,0,1600,69,1035,6495
70,59017,Petrol,107,1,1600,85,1080,8250
69,58952,Petrol,110,0,1600,69,1050,6900
74,58454,Petrol,86,0,1300,69,1015,7500
75,58341,Petrol,86,1,1300,69,1030,7950
80,58267,Petrol,110,0,1600,85,1070,8250
80,58000,Petrol,110,0,1600,85,1055,8950
70,57829,Petrol,110,0,1600,19,1050,9750
80,57787,Petrol,86,0,1300,69,1015,8250
78,57628,Petrol,110,0,1600,85,1075,8900
75,57537,Petrol,86,0,1300,69,1050,8950
76,57263,Petrol,110,0,1600,69,1050,6750
75,57144,Petrol,110,0,1600,85,1070,7950
69,57096,Petrol,86,0,1300,69,1025,8600
80,57000,Petrol,86,0,1300,69,1000,7750
73,56566,Petrol,110,0,1600,69,1050,7800
73,56307,Petrol,110,0,1600,69,1050,8750
79,56214,Petrol,86,0,1300,69,1015,9500
74,56132,Petrol,110,0,1600,69,1035,7750
79,55425,Petrol,110,0,1600,85,1075,9950
77,54439,Petrol,86,0,1300,69,1015,7750
69,53809,Petrol,110,0,1600,69,1050,5950
76,53133,Petrol,110,0,1600,85,1070,10950
77,52900,Petrol,110,0,1600,19,1075,9450
80,52700,Petrol,110,0,1600,69,1050,8250
69,52320,Petrol,110,0,1600,85,1070,9750
78,52287,Petrol,110,0,1600,19,1114,7450
75,52000,Petrol,110,0,1600,19,1075,8750
69,52000,Petrol,110,0,1600,69,1050,8750
73,52000,Petrol,110,1,1600,85,1065,8500
70,51874,Petrol,86,0,1300,69,1000,8950
79,49827,Petrol,86,0,1300,69,1035,7500
69,49640,Petrol,110,0,1600,69,1035,7250
80,49580,Petrol,110,0,1600,69,1035,7450
76,49170,Petrol,86,0,1300,69,1045,8750
77,48838,Petrol,110,0,1600,85,1055,9800
71,48576,Petrol,86,0,1300,69,1015,7500
75,48400,Petrol,110,0,1600,85,1075,8950
74,48242,Petrol,86,0,1300,69,1035,8950
70,47955,Petrol,110,0,1600,85,1070,7450
71,47633,Petrol,110,0,1600,85,1075,8950
78,47400,Petrol,86,0,1300,69,1040,10500
73,47360,Petrol,86,0,1300,69,1010,7000
77,45507,Petrol,110,0,1600,69,1050,8500
76,45410,Petrol,86,0,1300,69,1035,7750
70,44850,Petrol,110,0,1600,69,1050,8950
69,44826,Petrol,110,0,1600,85,1075,8250
80,44444,Petrol,110,0,1600,69,1050,9250
75,43720,Petrol,110,0,1600,85,1070,7900
78,43622,Petrol,86,0,1300,69,1000,8500
76,43532,Petrol,110,0,1600,85,1070,7950
69,42800,Petrol,110,0,1600,69,1050,9950
74,42317,Petrol,107,1,1600,85,1100,8750
80,42186,Petrol,110,0,1600,69,1050,7500
72,42000,Petrol,110,0,1600,69,1050,6950
79,40093,Petrol,110,0,1600,19,1114,8950
79,39800,Petrol,107,1,1600,85,1080,8750
73,39168,Petrol,86,0,1300,69,1015,7750
75,38945,Petrol,110,0,1600,69,1050,8450
76,36537,Petrol,110,1,1600,85,1075,8150
78,36000,Petrol,86,1,1300,69,1045,8500
78,36000,Petrol,110,0,1600,69,1050,7600
80,35821,Petrol,86,1,1300,19,1015,7950
73,34717,Petrol,86,0,1300,69,1015,7750
80,34000,Petrol,86,0,1300,69,1000,7950
78,30964,Petrol,110,1,1600,85,1080,9950
71,29000,Petrol,86,1,1300,69,1045,8950
72,26000,Petrol,86,0,1300,69,1015,8450
78,24000,Petrol,86,1,1300,85,1065,8950
80,23000,Petrol,86,0,1300,69,1015,8450
69,20544,Petrol,86,0,1300,69,1025,7500
72,19000,Petrol,86,0,1300,69,1015,10845
71,17016,Petrol,86,0,1300,69,1015,8500
70,16916,Petrol,86,0,1300,69,1015,7250
76,1,Petrol,110,0,1600,19,1114,6950
